{
    "metadata":{
        "generator":"io_three",
        "vertices":228,
        "version":3,
        "type":"Geometry",
        "faces":411
    },
    "vertices":[-0.011428,0.035973,0.002216,-0.013721,0.031935,0.001286,-0.01657,0.028584,0.002005,-0.000627,-0.004793,0.016237,-0.000697,0.017746,0.001332,0.002264,0.028482,-0.002635,0.000231,0.023131,0.001056,0.008326,0.000352,-0.001115,0.000876,0.017641,-0.001566,0.001247,0.033075,-0.00036,0.001062,0.033514,-8.2e-05,-0.000112,0.019581,0.000157,-0.001291,-0.003114,0.01876,-0.00241,0.008217,0.009121,-0.000405,-0.011913,0.006152,0.000521,-0.013635,0.005954,-0.000191,0.022668,-0.000178,0.000735,-0.013659,0.005638,0.000396,-0.011178,0.002094,-0.000837,-0.005966,0.003875,-0.005443,-1.6e-05,0.001796,-0.002515,0.012778,0.003488,-0.000865,0.043435,-0.004915,0.000325,0.000258,0.000864,0.000388,0.0091,0.000714,-0.002522,-0.000757,-0.011275,-4.3e-05,0.020973,0.000652,0.003515,0.036051,0.001075,-0.000425,0.00075,0.012418,0.005957,0.033799,-0.005908,0.007425,0.038421,-0.003948,0.008494,0.033368,0.004014,0.007765,0.038648,-0.000958,0.001853,-0.002014,0.022796,0.003709,0.003365,0.0162,0.00201,0.01706,0.003507,-0.001345,0.015008,0.003453,0.000219,-0.00354,0.02006,0.002887,-0.000725,0.016207,-0.000811,0.023392,-0.002247,-0.004947,0.030534,-0.004311,-0.012977,0.034826,-0.002122,-0.012181,0.032891,-0.004097,0.012102,0.032371,0.00388,0.012023,0.033311,0.001031,-0.001977,-0.003048,-0.024589,-0.00253,-0.003375,-0.018175,-0.003508,-0.000119,-0.01808,-0.002064,-0.006199,-0.007525,0.001589,0.029345,0.00073,-0.000472,0.016682,-0.000743,-0.008856,0.037515,-0.00145,-0.008348,0.035677,0.001149,-0.011145,0.033826,-0.000484,0.004501,0.018956,-0.035009,-0.001621,0.014465,-0.042638,0.001302,0.02024,-0.041686,0.000763,-0.011323,0.008589,0.001119,0.018702,0.000806,-0.001277,-0.006029,0.012739,-0.000354,-0.011063,0.009773,0.000378,-0.009412,0.013129,0.001227,-0.012856,0.008359,0.001754,-0.009756,0.008439,0.00133,-0.007956,0.005508,-0.002012,-0.003427,-0.007849,-0.001258,-0.008183,-0.01226,-0.000213,-0.009681,-0.014304,-0.003616,0.026725,-0.004276,0.003121,0.010295,0.00789,0.002881,0.022457,0.004019,0.008653,0.024098,0.007903,0.005592,0.01891,-0.029368,0.004894,0.018967,-0.013561,0.004697,0.009381,-0.02705,0.00385,0.021596,0.005139,-0.005441,0.01779,-0.015985,0.013982,0.017693,0.008004,0.014456,0.014581,0.006811,-0.0051,0.021458,-0.014034,-0.006204,0.018442,-0.023465,0.015204,0.007869,-0.004903,0.011614,0.007424,0.004966,0.00658,0.015656,0.007076,0.014157,0.005094,0.000629,-0.005929,0.022695,-0.028214,0.000168,0.003789,-0.029268,0.0009,0.007567,0.002874,-0.002568,0.002689,-0.012559,0.004115,0.014742,-0.016402,-0.004858,0.023453,-0.012776,-0.003214,0.026833,-0.00785,-0.004971,0.029937,-0.032415,-0.009916,0.030446,0.009321,-0.013589,0.023675,0.011092,-0.016813,0.031239,-0.00146,-0.012651,0.030288,-0.007237,-0.016987,0.022954,-0.005477,-0.009365,0.016769,-0.008487,0.000935,0.019688,-0.001893,0.009737,0.004751,-0.006334,0.003457,0.031565,0.034106,0.003624,0.034413,0.001822,-0.00055,0.018839,-0.000915,-0.016922,0.010893,0.00052,-0.011739,0.017117,0.011593,-0.011268,0.010415,-0.006563,-0.005416,0.008955,-0.018888,-0.003974,0.002328,-0.027645,-0.002875,0.012121,-0.006777,0.005501,0.029328,0.026172,-0.008191,0.021548,0.009974,-0.001649,0.021903,-0.042048,0.004247,0.011344,-0.03381,0.002266,0.013929,-0.040532,-0.017999,0.015781,0.004122,0.004117,0.016467,-0.011909,-0.013616,0.026809,0.009857,-0.01744,0.028089,0.002387,-0.015633,0.025686,0.007735,-0.005371,0.027097,-0.005709,-0.011411,0.031045,-0.006205,-0.001573,-0.010923,-0.009811,-0.001291,-0.014188,-0.01284,-0.016758,0.022571,0.006744,0.002085,0.03443,-0.032552,-0.000728,0.033328,-0.036616,-0.002776,0.040278,-0.024271,-0.00077,0.031945,0.000373,-0.00191,0.032065,0.000779,-0.001564,-0.005706,-0.008028,0.005263,0.03381,-0.004737,0.003156,0.002281,0.014669,-0.00297,0.030414,-0.008068,-0.005501,0.014815,-0.037947,-0.002031,0.00086,0.010709,0.006194,0.037272,8e-05,-0.010853,0.012197,-0.007144,-5.1e-05,0.020759,0.000479,-0.014983,0.007911,0.000562,-0.00574,0.033268,-0.001381,-0.004234,0.014189,-0.004669,0.00488,0.010845,-0.020659,0.003664,0.037987,0.01691,-0.001888,0.01497,-0.002343,0.004745,0.031026,0.015365,-6.3e-05,0.032483,3.2e-05,0.003581,0.038127,0.026339,0.001424,-0.00179,-8.6e-05,-0.000858,0.025313,-0.001732,0.000479,0.003773,-0.035303,-0.002062,0.003955,-0.035261,0.002899,0.0027,-0.027919,-0.000744,-0.005649,-0.020401,-0.001593,0.008623,-0.039848,0.002065,0.036527,0.031688,0.004425,0.035704,-0.003649,0.003218,0.005344,0.010463,0.002503,-0.002004,0.012872,-0.005954,0.016329,0.007969,0.001754,0.022853,-0.004288,-0.003196,0.015408,0.004801,-0.003519,0.033917,0.020982,0.004771,0.027685,-0.025859,-0.002295,0.037559,0.026937,-0.003157,0.029804,0.011448,0.004824,0.013272,-0.00649,-0.000823,0.040397,0.026989,-0.00095,0.043791,0.017176,-0.003434,0.034226,0.017307,0.004151,0.011766,-0.005337,-0.001433,0.014477,0.002399,-0.000616,0.02096,0.00194,-0.006558,0.019412,-0.031057,-0.00905,0.033817,0.001153,-0.003263,0.031058,0.002603,-0.002045,0.00465,0.005868,-0.0069,0.014096,-0.027551,0.006998,0.025132,0.006497,-0.005537,0.014792,-0.015246,0.00271,0.033311,-0.001566,-0.000655,0.017471,0.001001,-0.005835,0.00874,-0.026598,0.001785,-0.003516,-0.018393,-0.006688,0.033667,0.003497,0.000692,-0.01379,-0.013098,0.005283,0.037017,-0.002308,-0.002671,-0.001568,-0.024414,-0.008574,0.001953,0.003103,-0.004725,0.036228,0.000412,-0.003577,0.032266,-0.002884,-0.002309,0.032588,0.000637,-0.016345,0.017808,0.008266,-0.013372,0.016313,0.009904,0.002392,0.032395,-0.000708,-0.002074,0.030059,0.001308,-0.002406,0.032056,0.000938,0.001676,0.007957,-0.003877,0.005952,0.035856,0.002065,-0.002444,0.031262,0.001168,0.009818,0.003045,0.002532,0.001716,-0.010539,0.008793,0.002014,-0.005543,0.007112,-0.009574,0.020336,0.010739,-0.002209,0.019927,-0.004132,0.002225,-0.002031,0.010436,0.000187,0.044341,-0.019071,-0.001833,0.02284,-0.003655,-0.008956,0.00444,-0.003308,0.003896,0.020647,0.005509,0.00221,0.019438,0.003235,0.003444,0.034615,-0.017739,-0.000223,-0.015167,-0.002802,0.000259,0.026692,0.000178,0.005379,0.029927,0.004063,0.008188,0.036998,0.001534,-0.001092,0.029848,0.000733,0.001399,0.022406,0.002014,-0.002082,9.7e-05,-0.030111,0.006006,0.03437,0.002921,-0.001718,0.007612,0.004047,-0.005805,0.01934,-0.01677,0.001943,-0.009209,-0.012419,0.002757,-0.000724,-0.013273,-0.002738,0.002168,0.008302,-0.008372,0.02719,0.007578,-0.002918,0.002206,0.008855,-0.001067,0.011987,-0.001698],
    "name":"jesusstatue_jesusstatue1 jesusstatue_jesusstatue11Geometry",